﻿<?xml version="1.0" encoding="UTF-8"?>
<Dictionaries>
    <Dictionary Language="ChineseSimplified">
        <String Key="Game.Name" Value="星际力量" />
        <String Key="Game.Description" Value="Game Framework 演示程序" />
        <String Key="Game.Website" Value="http://GameFramework.cn/" />
        <String Key="Game.Summary" Value="这是一个使用 Game Framework 游戏框架制作的游戏演示项目，目的是对此游戏框架的使用方法做一些示范，供使用者参考。" />
        <String Key="Game.Introduction" Value="Game Framework 是基于 Unity 5.3+ 引擎的游戏框架，主要对游戏开发过程中常用模块进行了封装，很大程度地规范开发过程、加快开发速度并保证产品质量。" />
        <String Key="Menu.StartButton" Value="开始" />
        <String Key="Menu.SettingButton" Value="设置" />
        <String Key="Menu.AboutButton" Value="关于" />
        <String Key="Menu.QuitButton" Value="退出" />
        <String Key="Dialog.ConfirmButton" Value="确定" />
        <String Key="Dialog.CancelButton" Value="取消" />
        <String Key="Dialog.OtherButton" Value="" />
        <String Key="ForceUpdate.Title" Value="强制更新" />
        <String Key="ForceUpdate.Message" Value="当前游戏版本过旧，是否前往更新？" />
        <String Key="ForceUpdate.UpdateButton" Value="更新" />
        <String Key="ForceUpdate.QuitButton" Value="退出" />
        <String Key="AskQuitGame.Title" Value="确认退出" />
        <String Key="AskQuitGame.Message" Value="是否确认退出游戏？" />
        <String Key="Setting.Title" Value="设置" />
        <String Key="Setting.Music" Value="音乐" />
        <String Key="Setting.Sound" Value="音效" />
        <String Key="Setting.UISound" Value="界面音效" />
        <String Key="Setting.Language" Value="语言" />
        <String Key="Setting.LanguageTips" Value="更改语言需要重启游戏" />
     </Dictionary>
 </Dictionaries>







